"","region","fossil_index_reg","agri_index_reg","instit_index_reg","econ_index_reg","tech_index_reg","attitudes_index_reg"
"1","ASIA",45.6282359852573,13.083965923084,51.7083363636916,41.1256805822858,52.4282758242316,48.9968594463904
"2","LAM",27.1606882610547,14.1262562929697,46.8709101022662,38.6983927415976,26.9495027987176,53.3285632663894
"3","MAF",NA,17.9367638305199,36.2564394345617,30.873293632794,28.3440044814859,29.6411332267514
"4","OECD",43.367933032151,6.08787458003852,82.0946016398847,61.1974390344192,47.0790675352966,62.2452482667074
"5","REF",44.1582644677318,8.91111445853887,44.7597541183878,47.008101734824,35.8254644135411,29.2680989480535
